run_id,timestamp,model,prompt,negative_prompt,seed,steps,cfg_scale,width,height,image_count,clip_score_mean,fid_score,macro_precision,macro_recall,macro_f1
3846728d-2cd6-484b-a8c7-a86f82d64505,2025-08-28T00:54:21.715181,stability-sdxl,"beautiful mermaid sitting on coral reef, underwater fantasy",,-1,20,7.0,512,512,4,0.2788137197494507,312.722702814973,0.0,0.0,0.0
a8ed72de-8b80-4e10-bea8-daa5b48dfc3b,2025-08-27T23:48:37.029113,stability-sdxl,"elegant art nouveau poster design, decorative patterns, vintage style",,-1,20,7.0,512,512,4,0.20879673957824707,353.38723483803733,0.0,0.0,0.0
f25bed09-28b7-4e2b-867c-df6e5779159a,2025-08-27T23:47:57.075557,stability-sdxl,"elegant white horse galloping free, equine beauty, freedom",,-1,20,7.0,512,512,4,0.29875487089157104,281.42779908501535,1.0,1.0,1.0
6f51842c-3505-4019-b6b4-0f2ce8d9fa8b,2025-08-26T20:50:17.734414,flux-pro,Make the car black,,614335103,20,7.0,512,512,4,0.21178598701953888,276.49775519125944,0.06666666666666667,0.3333333333333333,0.11111111111111112
1e0ff153-c33c-480d-a21b-824c79958004,2025-08-26T20:15:12.535959,ideogram-v3,a red car with two dogs,,-1,20,7.0,512,512,4,0.25704365968704224,312.8281441608052,0.8333333333333333,1.0,0.9
2033a5b7-5510-4e4e-be1d-94a3b04e0736,2025-08-26T20:06:14.373134,ideogram-v3,a red car with two dogs,,-1,20,7.0,512,512,1,0.2801438271999359,319.57559453289633,0.5,0.5,0.5
e0f901b1-89c1-4c56-97b2-bf35d9d11f6a,2025-08-26T20:03:19.260907,ideogram-v3,"ancient Mayan temple in jungle, overgrown ruins, archaeological mystery",,-1,20,7.0,512,512,1,0.28640425205230713,261.86024757370234,0.0,0.0,0.0
b6a743e1-dc4e-4f68-b066-b29c58bd2ba0,2025-08-26T19:57:24.207274,ideogram-v3,"elegant Victorian lady in elaborate dress, soft portrait lighting",,-1,20,7.0,512,512,1,0.27796345949172974,335.36561448725905,0.0,0.0,0.0
e78d08d1-bce6-4cc3-ab70-1fbb5dc00527,2025-08-26T19:52:30.100196,ideogram-v3,"elegant ballet dancer in flowing dress, graceful movement, stage lighting",,-1,20,7.0,512,512,1,0.23459458351135254,435.3704502642241,0.0,0.0,0.0
9ef718b6-40d3-463d-95f6-cb8733afed20,2025-08-26T19:46:36.936340,ideogram-v3,"ancient Asian pagoda in mountains, traditional architecture, misty",,-1,20,7.0,512,512,1,0.3003275990486145,321.9172668768011,0.0,0.0,0.0
362e88d1-2be2-4d15-8667-5bf9154110ac,2025-08-26T19:41:03.455797,ideogram-v3,"dramatic meteor shower over landscape, celestial event, night sky",,-1,20,7.0,512,512,1,0.2505936026573181,234.9137109905796,0.0,0.0,0.0
7c550c1c-33c2-434c-88ff-4f6e25ef6a32,2025-08-26T19:30:45.376069,ideogram-v3,"traditional Japanese temple in autumn, red maple leaves, serene",,-1,20,7.0,512,512,4,0.3009181022644043,327.7097296593703,0.0,0.0,0.0
1bd89da2-9431-4adc-ad90-fdf5a546d95b,2025-08-26T19:28:01.565761,ideogram-v3,"enchanted mirror showing other worlds, portal fantasy, reflections",,-1,20,7.0,512,512,1,0.24656856060028076,267.44679522913333,0.0,0.0,0.0
091ca8de-bb69-4b96-bba7-83f60913cdfd,2025-08-26T19:02:48.392766,flux-pro,a green car with two dogs,,-1,20,7.0,512,512,4,0.2849193513393402,363.0917105018491,1.0,1.0,1.0
2ce3fdd9-d171-4cc3-8c17-48c90f5cf711,2025-08-26T18:52:52.542540,stability-sdxl,a red car with two dogs,,-1,20,7.0,512,512,4,0.3072850704193115,256.6139025754401,0.6666666666666666,0.5,0.5555555555555556
fdea94a1-9446-4e29-8f12-bcc8d70b2d14,2025-08-26T18:41:29.511865,stability-sdxl,"beautiful goddess of nature, flowing hair, forest setting",,-1,20,7.0,512,512,4,0.32188522815704346,352.46660200923486,0.0,0.0,0.0
860543dd-e900-4f3a-b7b6-d6a27ba33186,2025-08-26T18:37:30.587222,stability-sdxl,"enchanted music box with dancing figure, childhood nostalgia",,-1,20,7.0,512,512,4,0.306489497423172,331.13826116735163,0.0,0.0,0.0
1352fb10-82af-4861-a0e0-e6337f80e7e2,2025-08-26T18:24:55.908560,unknown,"magical potion shop with glowing bottles, fantasy apothecary",,-1,20,7.0,512,512,4,0.34449541568756104,387.0165336484189,0.018518518518518517,1.0,0.03636363636363636
28305aeb-68bd-4398-9f90-612b85d948e3,2025-08-26T17:51:53.528765,unknown,a green car with two dogs,,-1,20,7.0,512,512,4,0.2925839126110077,337.40296219743925,0.6666666666666666,0.6666666666666666,0.6666666666666666
273a9561-8197-4c2b-a141-23ef8fdc49c4,2025-08-26T17:50:10.744100,unknown,"powerful grizzly bear in wilderness, wildlife photography, natural habitat",,-1,20,7.0,512,512,4,0.26540789008140564,334.0246347516744,1.0,1.0,1.0
test-registration-fix-002,2025-08-26T04:53:30.000Z,test-model,a red car and two dogs,,0,20,7.0,512,512,1,0.28908634185791016,295.3380366468078,1.0,1.0,1.0
test-registration-fix-001,2025-08-26T04:53:00.000Z,test-model,testing run registration fix,,0,20,7.0,512,512,1,,,,,
test-simple-registration-001,2025-08-26T04:17:00.000Z,test-model,simple test,,0,20,7.0,512,512,0,,,,,
test-absolute-paths-002,2025-08-26T04:06:00.000Z,test-model,a red car and two dogs,,12345,20,7.0,512,512,1,0.28908634185791016,295.3380366468078,1.0,1.0,1.0
test-absolute-paths-001,2025-08-26T04:05:00.000Z,test-model,a green motorcycle and one cat,,12345,20,7.0,512,512,1,0.12443390488624573,295.3380366468078,0.0,0.0,0.0
test-realtime-composition-004,2025-08-26T04:02:00.000Z,test-model,a red car and two dogs,,12345,20,7.0,512,512,1,0.28908634185791016,295.3380366468078,1.0,1.0,1.0
test-realtime-composition-003,2025-08-26T04:01:00.000Z,test-model,a yellow truck and four birds,,12345,20,7.0,512,512,1,0.12873750925064087,295.3380366468078,0.0,0.0,0.0
test-realtime-composition-002,2025-08-26T04:00:00.000Z,test-model,a red car and two dogs,,12345,20,7.0,512,512,1,0.28908634185791016,295.3380366468078,1.0,1.0,1.0
test-realtime-composition-001,2025-08-26T03:59:00.000Z,test-model,a blue bicycle and three cats,,12345,20,7.0,512,512,1,0.10591154545545578,295.3380366468078,0.0,0.0,0.0
d9efd7f2-7d7b-4ab2-99a2-6557cf1dad55,2025-08-26T01:29:08.270796,unknown,"dramatic cliff face ocean view, coastal landscape, waves crashing",,-1,20,7.0,512,512,4,0.24946296215057373,425.2756497771261,0.0,0.0,0.0
65463855-dec4-4ca0-ab73-6c3f6bee3231,2025-08-26T01:17:14.932643,unknown,"steampunk flying machine with brass propellers, victorian aviation",,-1,20,7.0,512,512,4,0.32023417949676514,279.94381346677744,0.0,0.0,0.0
d8bc7b51-0818-4b54-bfa0-9e23b5bf3498,2025-08-26T00:58:28.752897,stability-sdxl,"vintage steam locomotive crossing bridge, industrial nostalgia",,-1,20,7.0,512,512,4,0.23536735773086548,321.94367494252253,0.0,0.0,0.0
537514c2-f1d8-461b-a741-848899d910bf,2025-08-26T00:55:15.960627,stability-sdxl,"futuristic underwater research station, oceanic sci-fi",,-1,20,7.0,512,512,4,0.2896290123462677,287.76535426860767,0.0,0.0,0.0
f5cae1fc-8126-4353-9de8-61bcc16dc85a,2025-08-26T00:47:01.729887,stability-sdxl,"vintage steam locomotive crossing bridge, industrial nostalgia",,-1,20,7.0,512,512,4,0.23070505261421204,324.28458551987455,0.0,0.0,0.0
a3a0353d-619a-4d44-b8c2-3685d4219e63,2025-08-26T00:30:16.943155,stability-sdxl,"magical potion brewing in cauldron, witch's laboratory, mysterious smoke",,-1,20,7.0,512,512,4,0.2656862139701843,317.9797903784771,0.0,0.0,0.0
1f07a3a1-9bb1-40ce-903e-b1b942e6eb77,2025-08-26T00:21:43.135521,stability-sdxl,"enchanted music box with dancing figure, childhood nostalgia",,-1,20,7.0,512,512,4,0.29613369703292847,311.0747153904674,0.0,0.0,0.0
manual-test-001,2025-08-26T00:20:36.443440,test-model,manual test run,,0,20,7.0,512,512,0,,,,,
f40e8619-9e82-4bbf-9592-cb9d91c1b2e6,2025-08-26T00:08:24.126570,stability-sdxl,a green motorcycle and one cat,,-1,20,7.0,512,512,4,0.3226940631866455,329.17272175312905,1.0,1.0,1.0
fc77ef7e-066f-4de5-a325-ae0e6c87e457,2025-08-26T00:04:40.176913,stability-sdxl,a red car and two dogs,,-1,20,7.0,512,512,4,0.29758259654045105,281.39866791718396,1.0,1.0,1.0
b12bae54-1d33-46c3-85bc-e58d9e2f6c74,2025-08-26T00:03:16.180525,stability-sdxl,a yellow truck and four birds,,-1,20,7.0,512,512,4,0.32313576340675354,251.43044153780662,0.75,1.0,0.8333333333333333
185d0d34-bc8c-45dd-9b41-8d769a2aa3ea,2025-08-25T23:50:40.312810,stability-sdxl,a red car with 2 dogs,,-1,20,7.0,512,512,4,0.2689560651779175,257.96233342510754,1.0,1.0,1.0
5797d79b-930b-471e-a535-60501e7d17f3,2025-08-25T23:43:32.557281,stability-sdxl,a red car and two dogs,,-1,20,7.0,512,512,4,0.28908634185791016,295.7858308397134,1.0,1.0,1.0
4f9c1150-9b5f-46b4-b1f8-40dd575453c3,2025-08-25T23:30:56.762123,stability-sdxl,"whimsical cloud city floating in sky, aerial fantasy kingdom",,-1,20,7.0,512,512,4,0.3389246463775635,280.7166882061331,0.0,0.0,0.0
db6f6132-6071-4090-bb25-b4c9e76850b3,2025-08-25T23:29:51.489261,stability-sdxl,"beautiful bioluminescent jellyfish, deep sea creatures, glowing",,-1,20,7.0,512,512,4,0.29060593247413635,387.80332728172016,0.0,0.0,0.0
149cceb3-9602-4603-9d30-ebc1437df89b,2025-08-25T22:19:14.343898,dall-e-3,"beautiful Japanese cherry blossom festival, cultural celebration",,-1,20,7.0,512,512,4,0.2836916148662567,327.76388738686717,0.0,0.0,0.0
8b5226d6-32f9-4b23-bfdc-e381d86cd40a,2025-08-25T22:10:53.506291,stability-sd-turbo,"beautiful peacock mantis shrimp, underwater macro, vibrant colors",,-1,20,7.0,512,512,4,0.31726154685020447,241.08204135583648,0.0,0.0,0.0
96e38a98-8a32-42b5-90fd-f610021c3014,2025-08-25T21:33:18.453393,stability-sd-turbo,"mystical forest with glowing mushrooms, ethereal atmosphere, moonlight",,-1,20,7.0,512,512,4,0.29638054966926575,404.138127842234,0.0,0.0,0.0
11f8aa75-f957-4804-ba06-27a9e5a078b1,2025-08-24T16:34:20.390970,stability-sdxl,"futuristic mech warrior robot, giant machine, battle scene",,-1,20,7.0,512,512,4,0.2539595365524292,344.3838400690073,0.0,0.0,0.0
6f010a79-7b8e-4a06-8078-29b7edda9c4c,2025-08-24T16:31:47.798844,luma-photon,"cozy cottage in enchanted woods, warm lighting, fairy tale setting",,-1,20,7.0,512,512,1,0.28156763315200806,272.9256208462339,0.0,0.0,0.0
b46faf9f-4a21-4247-a3f3-c20f523091a2,2025-08-24T16:16:06.000423,stability-sdxl,"magical potion brewing in cauldron, witch's laboratory, mysterious smoke",,-1,20,7.0,512,512,4,0.28220435976982117,311.50273025928766,0.0,0.0,0.0
571168e8-e55b-44e0-996d-04ac00ecc6bd,2025-08-24T16:12:28.913226,luma-photon,"majestic polar bear on ice floe, arctic wildlife, climate awareness",,-1,20,7.0,512,512,1,0.27364712953567505,344.32970606732755,1.0,1.0,1.0
c83133eb-a986-472e-bcf7-7b20534f76a5,2025-08-24T16:08:58.260272,luma-photon,"vintage steam locomotive crossing bridge, industrial nostalgia",,-1,20,7.0,512,512,1,0.27600330114364624,50.0,0.0,0.0,0.0
a06cbb42-27fc-494a-af73-4fb09a67365c,2025-08-24T15:47:37.071222,luma-photon,"ancient Asian pagoda in mountains, traditional architecture, misty",,-1,20,7.0,512,512,1,0.3178172707557678,50.0,0.0,0.0,0.0
a62ec9fe-683b-4e49-ac6a-65b385f5629a,2025-08-24T15:46:05.432787,luma-photon,"enchanted treehouse village, fantasy architecture, forest canopy",,-1,20,7.0,512,512,1,0.2747015357017517,50.0,0.0,0.0,0.0
593826ac-dbe5-44d8-a5c3-c9dfcde01987,2025-08-24T15:40:34.656948,luma-photon-flash,"ancient Mayan temple in jungle, overgrown ruins, archaeological mystery",,-1,20,7.0,512,512,1,0.29349344968795776,50.0,0.0,0.0,0.0
7e0c35c8-7ce2-4925-a58f-25cd6b7bceaf,2025-08-24T15:36:39.345215,luma-photon,"whimsical hot air balloon festival, colorful sky, dreamy atmosphere",,-1,20,7.0,512,512,1,0.26652032136917114,50.0,0.0,0.0,0.0
5c6bcf81-1cf7-4342-9a9a-f29073eacd93,2025-08-24T15:21:30.311263,luma-photon,"powerful tornado in wheat field, natural phenomenon, dramatic sky",,-1,20,7.0,512,512,1,0.2601817846298218,50.0,0.0,0.0,0.0
9f21b244-d2d5-4a6e-a3fe-4a73ef62ff59,2025-08-24T15:07:35.218718,luma-photon,"elegant Victorian lady in elaborate dress, soft portrait lighting",,-1,20,7.0,512,512,1,0.2988514304161072,50.0,0.0,0.0,0.0
670d6392-d509-4e24-b0a7-5b14907999dc,2025-08-24T13:49:35.571513,luma-photon,"steampunk flying machine with brass propellers, victorian aviation",,-1,20,7.0,512,512,1,0.2957106828689575,50.0,0.0,0.0,0.0
e2b44847-aeb9-4283-890c-9952261d1bed,2025-08-24T13:40:24.580049,luma-photon,"cozy cottage in enchanted woods, warm lighting, fairy tale setting",,-1,20,7.0,512,512,1,0.28693804144859314,50.0,0.0,0.0,0.0
6d450e4a-9e1f-4248-af53-58fed694d33d,2025-08-24T13:17:34.404408,luma-photon,"enchanted winter palace made of ice, frozen fairy tale",,-1,20,7.0,512,512,1,0.30030691623687744,50.0,0.0,0.0,0.0
e0fc93eb-cf47-41c3-8385-df85a758d014,2025-08-22T23:56:42.219927,luma-photon,"serene mountain lake reflection, morning mist, nature photography",,-1,20,7.0,512,512,1,0.27878788113594055,50.0,0.0,0.0,0.0
69baf400-67c1-4672-8d00-5b813b4ad873,2025-08-22T23:31:19.208353,luma-photon,"wise old tree with face, fantasy forest, ancient wisdom",,-1,20,7.0,512,512,1,0.2654859721660614,50.0,0.0,0.0,0.0
b991f3c7-cd63-42c0-988a-3c61b20c4b0a,2025-08-22T19:08:29.466010,juggernautXL_v8Rundiffusion.safetensors,A corgi,,-1,20,7.0,512,512,1,0.3121655285358429,50.0,0.0,0.0,0.0
6845267c-36e7-4af4-a164-a00f1959015f,2025-08-22T18:58:52.367829,juggernautXL_v8Rundiffusion.safetensors,A corgi,,-1,20,7.0,512,512,1,0.2993684411048889,50.0,0.0,0.0,0.0
f2bb3a74-2e78-4e8d-9867-7ff0f1b60bf2,2025-08-22T18:57:58.418013,Realistic_Vision_V6.0_NV_B1_1752804621506.safetensors,A corgi,,-1,20,7.0,512,512,1,0.30343565344810486,50.0,0.0,0.0,0.0
f70aa54e-d8d6-400c-ab1c-3b15e2086086,2025-08-22T18:55:27.094543,stability-sdxl,A corgi,,-1,20,7.0,512,512,4,0.2808544635772705,355.8283512882675,0.0,0.0,0.0
1da14224-6c88-4e53-9eae-b959830d79d6,2025-08-22T18:54:30.957766,luma-photon,a corgi,,-1,20,7.0,512,512,1,0.29219478368759155,50.0,0.0,0.0,0.0
9cd92bea-cb2a-4794-89ad-937414fba932,2025-08-22T18:54:04.704360,ideogram-v3,a corgi,,-1,20,7.0,512,512,1,0.2886798679828644,50.0,0.0,0.0,0.0
b2bd44fb-2398-4a51-9b5e-a62ac2019fcd,2025-08-22T18:53:34.402854,dall-e-3,a corgi,,-1,20,7.0,512,512,1,0.26174771785736084,50.0,0.0,0.0,0.0
47fd663a-b645-4418-80f7-28d864969ea2,2025-08-22T18:52:53.550657,flux-pro,a corgi,,-1,20,7.0,512,512,1,0.3050290644168854,50.0,0.0,0.0,0.0
1f4fa869-0c2c-4763-80a7-00d7d0e3100f,2025-08-22T18:34:58.143600,luma-photon,change the background to beach,,160141928,20,7.0,512,512,1,0.20542815327644348,50.0,0.0,0.0,0.0
d3a15411-f322-4df0-8be8-eea5a5f5ceee,2025-08-22T18:23:08.421579,luma-photon,Chiptotle by the eiffel tower,,-1,20,7.0,512,512,1,0.23696041107177734,50.0,0.0,0.0,0.0
236561e6-34bb-4a36-84f3-ac7e3079c212,2025-08-22T18:20:50.615535,luma-photon,Everything and Nothing,,-1,20,7.0,512,512,1,0.2792090177536011,50.0,0.0,0.0,0.0
5ad9075c-2a5b-4748-b0ef-a885621ee98c,2025-08-22T17:20:04.259175,luma-photon,"majestic lion with flowing mane, wildlife photography, golden hour","background artifacts, duplicated backgrounds, ghosting",-1,20,7.0,512,512,1,0.28760090470314026,50.0,0.0,0.0,0.0
fd6046e0-8fe1-4082-b8a9-4d05cd3e9ba3,2025-08-20T16:03:26.336252,luma-photon,Everything and nothing,,-1,20,7.0,512,512,1,0.19654923677444458,50.0,0.0,0.0,0.0
45e4ccc2-b194-45dd-93ad-d62be93b1be0,2025-08-20T16:02:41.115157,stability-sdxl,Everything and nothing,,-1,20,7.0,512,512,4,0.1427132934331894,256.8637124129317,0.0,0.0,0.0
6731fd6c-46be-4e34-a494-a3c11b355556,2025-08-20T00:38:42.825569,stability-sdxl,"mystical crystal ball revealing visions, fortune telling, mystical arts",,-1,20,7.0,512,512,4,0.26074108481407166,281.47262590051355,0.0,0.0,0.0
4c0bb548-e7fe-42c5-950b-ad5d3cc6e2e9,2025-08-20T00:33:01.071915,dall-e-3,"ancient wizard casting spells, magical energy, detailed robes","glitchy reflections, mirror duplicates",-1,20,7.0,512,512,1,0.31007063388824463,50.0,0.0,0.0,0.0
1e475fb0-d16d-4dd0-8170-5ce7c0d636c6,2025-08-20T00:31:23.908211,luma-photon-1,beautiful sunset over ocean waves,,42,20,7.0,512,512,1,,,,,
e9159ecc-7146-4ebd-95c6-0759d197defb,2025-08-20T00:27:35.130479,unknown,"ancient Asian pagoda in mountains, traditional architecture, misty","flattened perspective, warped environment",-1,20,7.0,512,512,4,0.29631203413009644,320.591455620265,0.0,0.0,0.0
2de0813f-8d60-4fa2-a5c3-7956785ffe0a,2025-08-20T00:22:46.798042,test-model-internal,internal test prompt,,123,20,7.0,512,512,1,,,,,
14c62b5a-f066-4789-a8e3-bea0245eb2ae,2025-08-20T00:20:08.998223,luma-photon-FINAL,"crystal clear waterfall in forest, nature photography","blurry, low quality",888,20,7.0,512,512,2,,,,,
092559c2-c8d9-4d61-8fbe-1bce74d48f7e,2025-08-20T00:17:58.183994,luma-photon-schema-fixed,"majestic eagle soaring over canyon, wildlife photography","blurry, low quality",123,20,7.0,512,512,0,,,,,
6f554eaf-344f-4d47-964f-52728c9c5a9f,2025-08-20T00:17:24.912703,luma-photon-fixed-test,"beautiful sunset over mountains, landscape photography","blurry, low quality",42,20,7.0,512,512,0,,,,,
11a61e10-7525-457e-81e3-4c5d7689ea89,2025-08-20T00:15:52.060106,test-model-debug,test prompt for debugging database integration,,12345,20,7.0,512,512,0,,,,,
e4f307c3-c307-47bc-ab2c-f6c12d3315c8,2025-08-20T00:12:12.402545,unknown,"a majestic dragon soaring over ancient mountains, highly detailed, fantasy art",,-1,20,7.0,512,512,0,0.261531800031662,297.419936740424,0.0,0.0,0.0
3ad1d6f9-59a5-4231-b3c0-624897b78d98,2025-08-19T23:56:50.286328,unknown,"dramatic thunderstorm over prairie, nature's power, dark clouds","implausible object interactions, bad physics",-1,20,7.0,512,512,0,0.25081050395965576,398.31924965928386,0.0,0.0,0.0
49f558c0-01b7-461b-a022-a5f90b106e9a,2025-08-19T23:44:14.619860,unknown,"elegant black cat with green eyes, pet portrait, mysterious","wrinkled textures, inconsistent cloth folds",-1,20,7.0,512,512,0,0.30678239464759827,248.14156907856676,1.0,1.0,1.0
d408b66b-f835-40f6-845a-07d41b7309ca,2025-08-18T23:18:23.695924,luma-photon,Make the ferrari dark black,,1214251976,20,7.0,512,512,0,0.24673792719841003,50.0,0.0,0.0,0.0
d45c5ffd-4bc2-40c6-8bf8-0b02f3318aa6,2025-08-18T23:17:06.844050,luma-photon,Make the ferrari dark black,,1465960731,20,7.0,512,512,0,0.22621247172355652,50.0,0.0,0.0,0.0
c5b6e4fa-7a41-464f-be8d-3b0b48729758,2025-08-18T23:16:08.706177,luma-photon,Make the ferrari black,,820810945,20,7.0,512,512,0,0.22111667692661285,50.0,0.0,0.0,0.0
c03b7ae6-3ff2-48f2-8bcc-423013ae777b,2025-08-18T23:14:13.349450,luma-photon,Make the ferrari dark black,,1114878777,20,7.0,512,512,0,0.2158108651638031,50.0,0.0,0.0,0.0
b69e3a8b-5b1e-4bf3-a777-9e0c459f19ce,2025-08-18T23:13:36.562614,luma-photon,Make the ferrari black,,737388475,20,7.0,512,512,0,0.20883119106292725,50.0,0.0,0.0,0.0
397b29f1-71a1-45a8-a6a1-05b3e2b011b4,2025-08-18T23:10:54.733476,luma-photon,Make the ferrari dark black,,592382349,20,7.0,512,512,0,0.21191439032554626,50.0,0.0,0.0,0.0
9d616ba7-10b3-4bf1-89fc-4a9caeac3c09,2025-08-18T23:10:19.703223,luma-photon,Make the ferrari black,,1460560280,20,7.0,512,512,0,0.20679286122322083,50.0,0.0,0.0,0.0
3968ea47-edbe-4ee2-9bc5-2a75cef87910,2025-08-18T23:05:39.667997,luma-photon,Make the ferrari black,,378219345,20,7.0,512,512,0,0.2155512273311615,50.0,0.0,0.0,0.0
1a9e8737-6e8b-4c34-9c1b-1628bc10d79c,2025-08-18T23:03:43.792968,luma-photon,Make it sunset,,1467728877,20,7.0,512,512,0,0.15084698796272278,50.0,0.0,0.0,0.0
039f828e-4342-493c-97e7-7a8e20abde0f,2025-08-18T22:59:02.119009,flux-pro,Make it sunset,,1617740758,20,7.0,512,512,0,0.1635793298482895,244.76664940120784,0.0,0.0,0.0
57f34856-47dc-4eff-8a82-a791de45ead4,2025-08-18T22:58:21.537717,luma-photon,Make it sunset,,329950676,20,7.0,512,512,0,0.1518288403749466,50.0,0.0,0.0,0.0
d763a8a2-720b-4f5a-b118-8449a06e22e4,2025-08-18T22:57:30.650898,luma-photon,"steampunk flying machine with brass propellers, victorian aviation",,-1,20,7.0,512,512,0,0.30576950311660767,50.0,0.0,0.0,0.0
0adde612-fd35-4a49-ab51-8210ed8cdced,2025-08-18T22:57:00.294613,luma-photon,Make the ferrari dark black,,647484315,20,7.0,512,512,0,0.24578823149204254,50.0,0.0,0.0,0.0
1311d789-5dca-488f-93f6-8bc4d4279205,2025-08-18T22:55:35.031540,luma-photon,Make the ferrari black,,2037071547,20,7.0,512,512,0,0.20448964834213257,50.0,0.0,0.0,0.0
5dfb65e9-42ed-4c1a-bd50-74c63dca936d,2025-08-18T22:50:56.482144,luma-photon,Make the ferrari black,,1253190203,20,7.0,512,512,0,0.2392391562461853,50.0,0.0,0.0,0.0
dd8a3538-6ab5-49d5-acb5-9c7ee1b9f79d,2025-08-18T22:44:30.565478,luma-photon,Make the ferrari black,,2127073675,20,7.0,512,512,0,0.23974262177944183,50.0,0.0,0.0,0.0
65ba7a92-43c8-4569-b72a-b6cb6e6a4540,2025-08-18T22:39:39.100488,luma-photon,Make the car black,,1287689326,20,7.0,512,512,0,0.18222051858901978,50.0,0.0,0.0,0.0
090c1a4e-672e-45fc-922b-568af2c58d5d,2025-08-18T22:31:53.568492,luma-photon,Make the ferrari black,,886289406,20,7.0,512,512,0,0.21746975183486938,50.0,0.0,0.0,0.0
83bac4b9-b574-43f1-b2d5-c506410ea57b,2025-08-18T22:26:07.614849,luma-photon,Make the ferrari black,,1015844129,20,7.0,512,512,0,0.220321923494339,50.0,0.0,0.0,0.0
f2c31047-7c73-4a89-88ed-83d7d75044a1,2025-08-18T22:25:07.372632,luma-photon,Make the background volcano,,2125805246,20,7.0,512,512,0,0.17559091746807098,50.0,0.0,0.0,0.0
ea60d726-60e6-4811-929e-5ffb260bde57,2025-08-18T22:17:05.435327,luma-photon,Make the background volcano,,1847674529,20,7.0,512,512,0,0.17953607439994812,50.0,0.0,0.0,0.0
ed76dbcf-cc62-49b4-a5d0-bd7ca54df3cb,2025-08-18T22:16:36.045028,luma-photon,"majestic mountain range at sunrise, landscape photography, golden peaks",,-1,20,7.0,512,512,0,0.27576738595962524,50.0,0.0,0.0,0.0
1b157cc1-72f3-4cc8-8ffe-1b75fa4c4b7e,2025-08-18T22:15:57.275970,luma-photon,Make the background volcano,,456085826,20,7.0,512,512,0,0.15120849013328552,50.0,0.0,0.0,0.0
64e7d763-156d-4f9f-a42c-066bd7a51578,2025-08-18T22:13:58.141660,luma-photon,Make the ferrari black,,165152875,20,7.0,512,512,0,0.21239273250102997,50.0,0.0,0.0,0.0
15314185-2609-4a62-9d1b-8995c92fc53e,2025-08-18T22:13:15.713975,luma-photon,Make the car black,,1394911684,20,7.0,512,512,0,0.18082956969738007,50.0,0.0,0.0,0.0
fbf016b1-6e92-46cf-9a0e-e292d43ef74f,2025-08-18T22:04:26.723086,luma-photon,"Change the text on the mirror to ""This world""",,1632333236,20,7.0,512,512,0,0.32202500104904175,50.0,0.0,0.0,0.0
78230a93-9ab3-4bd1-95b7-0e1904ed9566,2025-08-18T22:03:32.223927,luma-photon,Make the mirror brown,,901781468,20,7.0,512,512,0,0.16607993841171265,50.0,0.0,0.0,0.0
9967c973-8a02-4af0-a1ce-eb556d018715,2025-08-18T22:02:30.861344,luma-photon,"enchanted mirror showing other worlds, portal fantasy, reflections",,-1,20,7.0,512,512,0,0.3276897370815277,50.0,0.0,0.0,0.0
368fb3d5-866c-4906-9d3e-497fc2f7f388,2025-08-18T21:56:57.026609,luma-photon,"whimsical hot air balloon festival, colorful sky, dreamy atmosphere",,-1,20,7.0,512,512,0,0.27772536873817444,50.0,0.0,0.0,0.0
7d4ec0d2-e7a0-4ac8-b19c-abd87abd705b,2025-08-18T21:39:57.933606,luma-photon,"elegant peacock displaying feathers, vibrant colors, nature art",,-1,20,7.0,512,512,0,0.29378965497016907,50.0,0.0,0.0,0.0
73103816-006f-4439-ae17-4b09b263eba5,2025-08-18T21:37:32.543380,luma-photon,"pirate ship sailing stormy seas, dramatic clouds, adventure scene",,-1,20,7.0,512,512,0,0.26888617873191833,50.0,0.0,0.0,0.0
cd7cc34f-2c09-4346-a12d-f723f8f97c73,2025-08-18T21:36:56.044997,luma-photon,"elegant art nouveau poster design, decorative patterns, vintage style",,-1,20,7.0,512,512,0,0.27381840348243713,50.0,0.0,0.0,0.0
64a724ff-f2f7-4414-bfe1-15f2139908a2,2025-08-18T21:25:54.654573,luma-photon,"futuristic space explorer on alien world, sci-fi adventure",,-1,20,7.0,512,512,0,0.24640397727489471,50.0,0.0,0.0,0.0
