run_id,timestamp,model,prompt,negative_prompt,seed,steps,cfg_scale,width,height,image_count,clip_score_mean
236561e6-34bb-4a36-84f3-ac7e3079c212,2025-08-22T18:20:50.615535,luma-photon,Everything and Nothing,,-1,20,7.0,512,512,1,0.2792090177536011
5ad9075c-2a5b-4748-b0ef-a885621ee98c,2025-08-22T17:20:04.259175,luma-photon,"majestic lion with flowing mane, wildlife photography, golden hour","background artifacts, duplicated backgrounds, ghosting",-1,20,7.0,512,512,1,0.28760090470314026
fd6046e0-8fe1-4082-b8a9-4d05cd3e9ba3,2025-08-20T16:03:26.336252,luma-photon,Everything and nothing,,-1,20,7.0,512,512,1,0.19654923677444458
45e4ccc2-b194-45dd-93ad-d62be93b1be0,2025-08-20T16:02:41.115157,stability-sdxl,Everything and nothing,,-1,20,7.0,512,512,4,0.1427132934331894
6731fd6c-46be-4e34-a494-a3c11b355556,2025-08-20T00:38:42.825569,stability-sdxl,"mystical crystal ball revealing visions, fortune telling, mystical arts",,-1,20,7.0,512,512,4,0.26074108481407166
4c0bb548-e7fe-42c5-950b-ad5d3cc6e2e9,2025-08-20T00:33:01.071915,dall-e-3,"ancient wizard casting spells, magical energy, detailed robes","glitchy reflections, mirror duplicates",-1,20,7.0,512,512,1,0.31007063388824463
1e475fb0-d16d-4dd0-8170-5ce7c0d636c6,2025-08-20T00:31:23.908211,luma-photon-1,beautiful sunset over ocean waves,,42,20,7.0,512,512,1,
e9159ecc-7146-4ebd-95c6-0759d197defb,2025-08-20T00:27:35.130479,unknown,"ancient Asian pagoda in mountains, traditional architecture, misty","flattened perspective, warped environment",-1,20,7.0,512,512,4,
2de0813f-8d60-4fa2-a5c3-7956785ffe0a,2025-08-20T00:22:46.798042,test-model-internal,internal test prompt,,123,20,7.0,512,512,1,
14c62b5a-f066-4789-a8e3-bea0245eb2ae,2025-08-20T00:20:08.998223,luma-photon-FINAL,"crystal clear waterfall in forest, nature photography","blurry, low quality",888,20,7.0,512,512,2,
092559c2-c8d9-4d61-8fbe-1bce74d48f7e,2025-08-20T00:17:58.183994,luma-photon-schema-fixed,"majestic eagle soaring over canyon, wildlife photography","blurry, low quality",123,20,7.0,512,512,0,
6f554eaf-344f-4d47-964f-52728c9c5a9f,2025-08-20T00:17:24.912703,luma-photon-fixed-test,"beautiful sunset over mountains, landscape photography","blurry, low quality",42,20,7.0,512,512,0,
11a61e10-7525-457e-81e3-4c5d7689ea89,2025-08-20T00:15:52.060106,test-model-debug,test prompt for debugging database integration,,12345,20,7.0,512,512,0,
e4f307c3-c307-47bc-ab2c-f6c12d3315c8,2025-08-20T00:12:12.402545,unknown,"a majestic dragon soaring over ancient mountains, highly detailed, fantasy art",,-1,20,7.0,512,512,0,
3ad1d6f9-59a5-4231-b3c0-624897b78d98,2025-08-19T23:56:50.286328,unknown,"dramatic thunderstorm over prairie, nature's power, dark clouds","implausible object interactions, bad physics",-1,20,7.0,512,512,0,
49f558c0-01b7-461b-a022-a5f90b106e9a,2025-08-19T23:44:14.619860,unknown,"elegant black cat with green eyes, pet portrait, mysterious","wrinkled textures, inconsistent cloth folds",-1,20,7.0,512,512,0,
d408b66b-f835-40f6-845a-07d41b7309ca,2025-08-18T23:18:23.695924,luma-photon,Make the ferrari dark black,,1214251976,20,7.0,512,512,0,0.24673792719841003
d45c5ffd-4bc2-40c6-8bf8-0b02f3318aa6,2025-08-18T23:17:06.844050,luma-photon,Make the ferrari dark black,,1465960731,20,7.0,512,512,0,0.22621247172355652
c5b6e4fa-7a41-464f-be8d-3b0b48729758,2025-08-18T23:16:08.706177,luma-photon,Make the ferrari black,,820810945,20,7.0,512,512,0,0.22111667692661285
c03b7ae6-3ff2-48f2-8bcc-423013ae777b,2025-08-18T23:14:13.349450,luma-photon,Make the ferrari dark black,,1114878777,20,7.0,512,512,0,0.2158108651638031
b69e3a8b-5b1e-4bf3-a777-9e0c459f19ce,2025-08-18T23:13:36.562614,luma-photon,Make the ferrari black,,737388475,20,7.0,512,512,0,0.20883119106292725
397b29f1-71a1-45a8-a6a1-05b3e2b011b4,2025-08-18T23:10:54.733476,luma-photon,Make the ferrari dark black,,592382349,20,7.0,512,512,0,0.21191439032554626
9d616ba7-10b3-4bf1-89fc-4a9caeac3c09,2025-08-18T23:10:19.703223,luma-photon,Make the ferrari black,,1460560280,20,7.0,512,512,0,0.20679286122322083
3968ea47-edbe-4ee2-9bc5-2a75cef87910,2025-08-18T23:05:39.667997,luma-photon,Make the ferrari black,,378219345,20,7.0,512,512,0,0.2155512273311615
1a9e8737-6e8b-4c34-9c1b-1628bc10d79c,2025-08-18T23:03:43.792968,luma-photon,Make it sunset,,1467728877,20,7.0,512,512,0,0.15084698796272278
039f828e-4342-493c-97e7-7a8e20abde0f,2025-08-18T22:59:02.119009,flux-pro,Make it sunset,,1617740758,20,7.0,512,512,0,0.1635793298482895
57f34856-47dc-4eff-8a82-a791de45ead4,2025-08-18T22:58:21.537717,luma-photon,Make it sunset,,329950676,20,7.0,512,512,0,0.1518288403749466
d763a8a2-720b-4f5a-b118-8449a06e22e4,2025-08-18T22:57:30.650898,luma-photon,"steampunk flying machine with brass propellers, victorian aviation",,-1,20,7.0,512,512,0,0.30576950311660767
0adde612-fd35-4a49-ab51-8210ed8cdced,2025-08-18T22:57:00.294613,luma-photon,Make the ferrari dark black,,647484315,20,7.0,512,512,0,0.24578823149204254
1311d789-5dca-488f-93f6-8bc4d4279205,2025-08-18T22:55:35.031540,luma-photon,Make the ferrari black,,2037071547,20,7.0,512,512,0,0.20448964834213257
5dfb65e9-42ed-4c1a-bd50-74c63dca936d,2025-08-18T22:50:56.482144,luma-photon,Make the ferrari black,,1253190203,20,7.0,512,512,0,0.2392391562461853
dd8a3538-6ab5-49d5-acb5-9c7ee1b9f79d,2025-08-18T22:44:30.565478,luma-photon,Make the ferrari black,,2127073675,20,7.0,512,512,0,0.23974262177944183
65ba7a92-43c8-4569-b72a-b6cb6e6a4540,2025-08-18T22:39:39.100488,luma-photon,Make the car black,,1287689326,20,7.0,512,512,0,0.18222051858901978
090c1a4e-672e-45fc-922b-568af2c58d5d,2025-08-18T22:31:53.568492,luma-photon,Make the ferrari black,,886289406,20,7.0,512,512,0,0.21746975183486938
83bac4b9-b574-43f1-b2d5-c506410ea57b,2025-08-18T22:26:07.614849,luma-photon,Make the ferrari black,,1015844129,20,7.0,512,512,0,0.220321923494339
f2c31047-7c73-4a89-88ed-83d7d75044a1,2025-08-18T22:25:07.372632,luma-photon,Make the background volcano,,2125805246,20,7.0,512,512,0,0.17559091746807098
ea60d726-60e6-4811-929e-5ffb260bde57,2025-08-18T22:17:05.435327,luma-photon,Make the background volcano,,1847674529,20,7.0,512,512,0,0.17953607439994812
ed76dbcf-cc62-49b4-a5d0-bd7ca54df3cb,2025-08-18T22:16:36.045028,luma-photon,"majestic mountain range at sunrise, landscape photography, golden peaks",,-1,20,7.0,512,512,0,0.27576738595962524
1b157cc1-72f3-4cc8-8ffe-1b75fa4c4b7e,2025-08-18T22:15:57.275970,luma-photon,Make the background volcano,,456085826,20,7.0,512,512,0,0.15120849013328552
64e7d763-156d-4f9f-a42c-066bd7a51578,2025-08-18T22:13:58.141660,luma-photon,Make the ferrari black,,165152875,20,7.0,512,512,0,0.21239273250102997
15314185-2609-4a62-9d1b-8995c92fc53e,2025-08-18T22:13:15.713975,luma-photon,Make the car black,,1394911684,20,7.0,512,512,0,0.18082956969738007
fbf016b1-6e92-46cf-9a0e-e292d43ef74f,2025-08-18T22:04:26.723086,luma-photon,"Change the text on the mirror to ""This world""",,1632333236,20,7.0,512,512,0,0.32202500104904175
78230a93-9ab3-4bd1-95b7-0e1904ed9566,2025-08-18T22:03:32.223927,luma-photon,Make the mirror brown,,901781468,20,7.0,512,512,0,0.16607993841171265
9967c973-8a02-4af0-a1ce-eb556d018715,2025-08-18T22:02:30.861344,luma-photon,"enchanted mirror showing other worlds, portal fantasy, reflections",,-1,20,7.0,512,512,0,0.3276897370815277
368fb3d5-866c-4906-9d3e-497fc2f7f388,2025-08-18T21:56:57.026609,luma-photon,"whimsical hot air balloon festival, colorful sky, dreamy atmosphere",,-1,20,7.0,512,512,0,0.27772536873817444
7d4ec0d2-e7a0-4ac8-b19c-abd87abd705b,2025-08-18T21:39:57.933606,luma-photon,"elegant peacock displaying feathers, vibrant colors, nature art",,-1,20,7.0,512,512,0,0.29378965497016907
73103816-006f-4439-ae17-4b09b263eba5,2025-08-18T21:37:32.543380,luma-photon,"pirate ship sailing stormy seas, dramatic clouds, adventure scene",,-1,20,7.0,512,512,0,0.26888617873191833
cd7cc34f-2c09-4346-a12d-f723f8f97c73,2025-08-18T21:36:56.044997,luma-photon,"elegant art nouveau poster design, decorative patterns, vintage style",,-1,20,7.0,512,512,0,0.27381840348243713
64a724ff-f2f7-4414-bfe1-15f2139908a2,2025-08-18T21:25:54.654573,luma-photon,"futuristic space explorer on alien world, sci-fi adventure",,-1,20,7.0,512,512,0,0.24640397727489471
